Branch;ID;ParentID;Time;Move;Opponent;Select;Visit;Win
0;6446256;6438624;0;0;0;1;1e-05;0
0;6446400;6446256;1;10;1;1;1e-05;0
0;6446576;6446400;2;12;1;1;1e-05;0
0;6446752;6446576;3;2;1;1;1e-05;0
0;6446928;6446752;4;30;1;1;1e-05;0
0;6447104;6446928;5;28;1;1;1e-05;0
0;6496320;6447104;6;34;0;1;1e-05;0
0;6496464;6496320;7;29;1;1;1.00001;0.570676
0;140736952453760;6496464;8;19;0;0;0.12792;0.566225
0;6496608;6496464;8;15;0;1;0.3441;0.582775
0;140737220731248;6496464;8;24;0;0;0.05017;0.540784
0;7332560;6496464;8;17;0;0;0.19334;0.574143
0;140737220731440;6496464;8;11;0;0;0.04134;0.53393
0;7332704;6496464;8;21;0;0;0.09259;0.558722
0;140737220731664;6496464;8;5;0;0;0.15061;0.569527
0;7333568;6496608;9;50;1;0;0.00832;0.637943
0;140737220732688;6496608;9;36;1;0;0.09485;0.424426
0;140736952454384;6496608;9;27;1;0;0.00848;0.637014
0;140737220733008;6496608;9;41;1;0;0.00523;0.682455
0;7333856;6496608;9;14;1;0;0.01667;0.589953
0;140737220734752;6496608;9;44;1;0;0.00686;0.655403
0;140736952454864;6496608;9;35;1;0;0.00755;0.646172
0;140737086588608;6496608;9;32;1;0;0.00752;0.64742
0;140737086590128;6496608;9;40;1;0;0.00497;0.687479
0;140737086591424;6496608;9;46;1;0;0.00607;0.666488
0;140737220735760;6496608;9;23;1;0;0.00709;0.651595
0;140737220736192;6496608;9;25;1;0;0.00831;0.639146
0;140736952455296;6496608;9;4;1;0;0.00648;0.659986
0;140737086592144;6496608;9;8;1;0;0.0089;0.632725
0;140737220736768;6496608;9;6;1;0;0.00729;0.649446
0;140737086592720;6496608;9;22;1;0;0.00776;0.64459
0;140737086594016;6496608;9;51;1;0;0.00703;0.652714
0;140737220737920;6496608;9;37;1;0;0.0073;0.649201
0;140737220739472;6496608;9;16;1;0;0.0059;0.669365
0;7334656;6496608;9;45;1;0;0.00678;0.656214
0;7336656;6496608;9;38;1;0;0.0063;0.663168
0;7337376;6496608;9;33;1;0;0.00684;0.654772
0;140736952456448;6496608;9;7;1;0;0.00939;0.628352
0;7337664;6496608;9;13;1;0;0.01495;0.596435
0;140737220742192;6496608;9;26;1;0;0.00604;0.66732
0;7337808;6496608;9;18;1;0;0.00572;0.672149
0;7339088;6496608;9;3;1;0;0.00743;0.647468
0;140737220743200;6496608;9;20;1;1;0.00821;0.639526
0;140736952457600;6496608;9;47;1;0;0.00738;0.648638
0;140736952459280;6496608;9;1;1;0;0.00635;0.662387
0;7342016;6496608;9;31;1;0;0.00762;0.645394
0;140736952459424;6496608;9;49;1;0;0.01002;0.623653
0;7342160;6496608;9;9;1;0;0.0088;0.633969
0;140736952474480;140737220743200;10;23;1;1;0.0003;0.58334
0;7358464;140737220743200;10;35;1;0;0.00025;0.673545
0;140737220759840;140737220743200;10;49;1;0;0.00025;0.631073
0;140737086613728;140737220743200;10;44;1;0;0.00029;0.58895
0;7384368;140737220743200;10;47;1;0;0.00027;0.584585
0;140736952506000;140737220743200;10;40;1;0;0.00024;0.694179
0;140737086657120;140737220743200;10;26;1;0;0.00028;0.591001
0;140736952535520;140737220743200;10;36;1;0;0.00022;0.741074
0;7424768;140737220743200;10;6;1;0;0.00033;0.50286
0;140737220833376;140737220743200;10;13;1;0;0.00025;0.668835
0;140736952546032;140737220743200;10;1;1;0;0.00029;0.563538
0;140737086700592;140737220743200;10;31;1;0;0.00021;0.729988
0;7453968;140737220743200;10;41;1;0;0.00025;0.639131
0;140737220856320;140737220743200;10;32;1;0;0.00024;0.680862
0;140737086738368;140737220743200;10;3;1;0;0.00025;0.635976
0;140736952581312;140737220743200;10;22;1;0;0.00029;0.594595
0;140737220862864;140737220743200;10;7;1;0;0.00021;0.721448
0;7468704;140737220743200;10;4;1;0;0.00028;0.569387
0;140737220881664;140737220743200;10;27;1;0;0.00027;0.588297
0;140737086753664;140737220743200;10;46;1;0;0.00026;0.626874
0;7481104;140737220743200;10;50;1;0;0.0003;0.549658
0;140737086757376;140737220743200;10;38;1;0;0.00029;0.586713
0;7486816;140737220743200;10;9;1;0;0.00028;0.611598
0;140737220896976;140737220743200;10;14;1;0;0.00026;0.651679
0;7492784;140737220743200;10;8;1;0;0.00027;0.609943
0;140737220921072;140737220743200;10;18;1;0;0.00027;0.617432
0;140737086776608;140737220743200;10;25;1;0;0.00028;0.597157
0;7515024;140737220743200;10;51;1;0;0.00035;0.494796
0;7527376;140737220743200;10;33;1;0;0.00023;0.686369
0;140737220965232;140737220743200;10;16;1;0;0.00025;0.641116
0;140736952658176;140737220743200;10;37;1;0;0.00024;0.640672
0;7533536;140737220743200;10;45;1;0;0.00026;0.619674
0;140737086839856;140736952474480;11;18;1;0;2e-05;0.416819
0;140737220971088;140736952474480;11;8;1;0;2e-05;0.443526
0;140737087367504;140736952474480;11;41;1;0;2e-05;0.47124
0;140737221440464;140736952474480;11;7;1;0;2e-05;0.130442
0;140736953182432;140736952474480;11;4;1;0;2e-05;0.366284
0;140736953741808;140736952474480;11;37;1;0;2e-05;0.0724121
0;140736953743968;140736952474480;11;3;1;0;2e-05;0.47124
0;140737087927344;140736952474480;11;51;1;0;2e-05;0.0861237
0;140737221958976;140736952474480;11;46;1;0;2e-05;0.47124
0;8782832;140736952474480;11;33;1;0;2e-05;0.366284
0;140737088142288;140736952474480;11;40;1;0;2e-05;0.115119
0;140737088383200;140736952474480;11;22;1;0;2e-05;0.47124
0;140736954336624;140736952474480;11;27;1;0;2e-05;0.416819
0;140737222772384;140736952474480;11;38;1;0;2e-05;0.342386
0;140737088687008;140736952474480;11;50;1;0;2e-05;0.115119
0;9385840;140736952474480;11;47;1;0;2e-05;0
0;9385984;140736952474480;11;14;1;0;2e-05;0.162844
0;140736954882496;140736952474480;11;16;1;0;2e-05;0.391084
0;140737223029216;140736952474480;11;31;1;0;2e-05;0
0;140737223029360;140736952474480;11;32;1;0;2e-05;0.130442
0;9570656;140736952474480;11;26;1;0;2e-05;0.443526
0;140737223092864;140736952474480;11;25;1;1;2e-05;0.47124
0;140736955277760;140736952474480;11;9;1;0;2e-05;0.146343
0;140737223230128;140736952474480;11;35;1;0;2e-05;0.443526
0;9733328;140736952474480;11;36;1;0;2e-05;0.391084
0;140736955307072;140736952474480;11;49;1;0;2e-05;0.47124
0;140736955554432;140736952474480;11;6;1;0;2e-05;0.47124
0;140737223499408;140736952474480;11;13;1;0;2e-05;0.47124
0;11275632;140737223092864;12;27;1;1;1.00001;0.471355
0;140737091253440;11275632;13;17;0;0;0.09475;0.469045
0;140737225494864;11275632;13;21;0;0;0.11048;0.472636
0;11275776;11275632;13;43;0;0;0.0543;0.453152
0;12022080;11275632;13;5;0;1;0.16075;0.480435
0;140737225495008;11275632;13;11;0;0;0.09512;0.469102
0;140737091253616;11275632;13;19;0;0;0.10854;0.472246
0;12022224;11275632;13;48;0;0;0.15271;0.479534
0;140737225495232;11275632;13;42;0;0;0.05438;0.453272
0;140737091253760;11275632;13;24;0;0;0.12162;0.475426
0;12022368;11275632;13;39;0;0;0.04745;0.448598
0;12023664;12022080;14;18;1;0;0.00701;0.460873
0;140737225496816;12022080;14;31;1;0;0.00407;0.517246
0;12024384;12022080;14;41;1;0;0.00399;0.519287
0;140737225497984;12022080;14;38;1;0;0.00389;0.522372
0;140736957364848;12022080;14;40;1;0;0.00483;0.497405
0;12027424;12022080;14;22;1;0;0.00735;0.456178
0;140737225500736;12022080;14;6;1;0;0.0054;0.485825
0;140736957367824;12022080;14;16;1;0;0.00537;0.486075
0;12028432;12022080;14;26;1;0;0.00405;0.520363
0;140737225501600;12022080;14;9;1;0;0.00564;0.482555
0;140736957368976;12022080;14;7;1;0;0.00626;0.472111
0;12030592;12022080;14;36;1;0;0.00144;0.679807
0;140736957370832;12022080;14;50;1;0;0.00688;0.462566
0;140737225504304;12022080;14;32;1;0;0.0032;0.548861
0;12030736;12022080;14;44;1;0;0.00632;0.470347
0;140737091255040;12022080;14;14;1;0;0.00512;0.49377
0;140737225507168;12022080;14;1;1;0;0.006;0.475934
0;12028576;12022080;14;46;1;0;0.00599;0.475674
0;140737091257808;12022080;14;45;1;0;0.00548;0.484371
0;140737225512448;12022080;14;37;1;0;0.00299;0.557672
0;12035584;12022080;14;51;1;0;0.01138;0.421737
0;140736957373856;12022080;14;47;1;0;0.00605;0.473993
0;140737225516336;12022080;14;4;1;0;0.00628;0.471295
0;140736957377440;12022080;14;33;1;1;0.00293;0.559978
0;12039664;12022080;14;8;1;0;0.0084;0.445354
0;140737225516768;12022080;14;35;1;0;0.00385;0.525251
0;140737091261680;12022080;14;13;1;0;0.00454;0.505449
0;12041488;12022080;14;49;1;0;0.00753;0.447322
0;140737225516912;12022080;14;3;1;0;0.00878;0.441643
0;140737225532160;140736957377440;15;37;1;0;0.00012;0.505858
0;140736957390000;140736957377440;15;45;1;0;0.00015;0.322928
0;140737225562384;140736957377440;15;49;1;0;0.00014;0.329117
0;140737091314976;140736957377440;15;36;1;0;0.00011;0.505051
0;140736957411616;140736957377440;15;47;1;0;0.00011;0.533687
0;140737225593696;140736957377440;15;50;1;0;9e-05;0.597108
0;12098224;140736957377440;15;6;1;0;0.00011;0.471243
0;140737091370752;140736957377440;15;3;1;0;0.00011;0.510689
0;12142288;140736957377440;15;38;1;1;0.00012;0.477779
0;140737225642800;140736957377440;15;18;1;0;0.00011;0.461441
0;12170032;140736957377440;15;31;1;0;0.00012;0.537553
0;140736957507168;140736957377440;15;26;1;0;0.00011;0.669891
0;140737225683952;140736957377440;15;4;1;0;0.00012;0.505817
0;140737091334944;140736957377440;15;35;1;0;0.00014;0.467629
0;140737225699344;140736957377440;15;8;1;0;0.0001;0.593542
0;140737225722208;140736957377440;15;32;1;0;0.00012;0.411885
0;12242848;140736957377440;15;51;1;0;0.00012;0.460772
0;140737091371760;140736957377440;15;1;1;0;0.00013;0.507329
0;140736957586416;140736957377440;15;9;1;0;0.0001;0.508257
0;140737225734624;140736957377440;15;22;1;0;0.00012;0.496655
0;140737091506896;140736957377440;15;41;1;0;0.0001;0.583335
0;140737225746832;140736957377440;15;13;1;0;9e-05;0.573906
0;140737091510928;140736957377440;15;7;1;0;0.0001;0.535046
0;140736957619536;140736957377440;15;44;1;0;8e-05;0.677613
0;140737091532592;140736957377440;15;46;1;0;0.00013;0.587766
0;140736957503712;140736957377440;15;16;1;0;0.00013;0.458837
0;140736957714976;140736957377440;15;14;1;0;0.00011;0.680322
0;140737225804656;140736957377440;15;40;1;0;0.0001;0.629066
0;140737226009312;12142288;16;31;1;0;2e-05;0.100353
0;140736957952896;12142288;16;14;1;0;2e-05;0.342386
0;140737091754432;12142288;16;49;1;0;2e-05;0.255172
0;140736959112624;12142288;16;36;1;0;2e-05;0.366284
0;13581520;12142288;16;16;1;0;2e-05;0.391084
0;140736959611472;12142288;16;8;1;0;2e-05;0.319356
0;140737228030960;12142288;16;35;1;0;2e-05;0.162844
0;140736960029424;12142288;16;46;1;0;2e-05;0.391084
0;14655120;12142288;16;45;1;0;2e-05;0.319356
0;140737093824928;12142288;16;3;1;0;2e-05;0.146343
0;11234688;12142288;16;13;1;1;1e-05;0
0;11234832;11234688;17;18;1;1;1.00001;0.410929
0;140737095633680;11234832;18;17;0;1;0.73763;0.419748
0;140737230063104;11234832;18;21;0;0;0.0854;0.385476
0;11234976;11234832;18;19;0;0;0.08711;0.385976
0;140736961698400;11234832;18;24;0;0;0.0899;0.386787
0;140737230063248;140737095633680;19;9;1;0;0.01084;0.547429
0;140737095634112;140737095633680;19;44;1;0;0.00756;0.575235
0;140737230063536;140737095633680;19;7;1;0;0.01087;0.54738
0;140736961698832;140737095633680;19;36;1;1;0.00207;0.729206
0;16397328;140737095633680;19;41;1;0;0.00547;0.604701
0;140736961699264;140737095633680;19;46;1;0;0.00692;0.583242
0;140737230064112;140737095633680;19;49;1;0;0.00634;0.590437
0;140737095634688;140737095633680;19;16;1;0;0.01214;0.539974
0;140737230064688;140737095633680;19;8;1;0;0.01343;0.533287
0;140736961699696;140737095633680;19;6;1;0;0.00866;0.564242
0;140737095635120;140737095633680;19;14;1;0;0.01158;0.543356
0;140737095635840;140737095633680;19;3;1;0;0.00871;0.563432
0;140737230065696;140737095633680;19;37;1;0;0.00778;0.572516
0;140736961700704;140737095633680;19;47;1;0;0.00712;0.579879
0;140737095635984;140737095633680;19;32;1;0;0.00897;0.561331
0;140737230065120;140737095633680;19;26;1;0;0.00828;0.567394
0;140737095636704;140737095633680;19;1;1;0;0.01092;0.547073
0;140736961701696;140737095633680;19;4;1;0;0.01189;0.541506
0;140737095638400;140737095633680;19;35;1;0;0.00897;0.561226
0;140737230067408;140737095633680;19;50;1;0;0.00939;0.558337
0;140736961702704;140737095633680;19;45;1;0;0.00618;0.592466
0;140737095638544;140737095633680;19;51;1;0;0.00948;0.557379
0;140737230067552;140737095633680;19;31;1;0;0.00763;0.574081
0;140736961702848;140737095633680;19;22;1;0;0.53118;0.36398
0;140737095639408;140737095633680;19;40;1;0;0.00548;0.604066
0;140736961708464;140736961698832;20;8;1;0;9e-05;0.678399
0;140737230073456;140736961698832;20;40;1;0;0.00011;0.714434
0;140737095641136;140736961698832;20;51;1;0;0.0001;0.515813
0;16403808;140736961698832;20;22;1;0;8e-05;0.72469
0;16415552;140736961698832;20;44;1;0;9e-05;0.661273
0;140737230086928;140736961698832;20;3;1;0;0.0001;0.685581
0;140737230098832;140736961698832;20;16;1;0;0.00011;0.708614
0;140736961742560;140736961698832;20;6;1;0;9e-05;0.668937
0;140737095667024;140736961698832;20;41;1;0;0.0001;0.630062
0;16424080;140736961698832;20;14;1;1;1.0001;0.748326
0;140737230111472;140736961698832;20;4;1;0;0.0001;0.678872
0;140736961755360;140736961698832;20;46;1;0;0.00011;0.709762
0;16432576;140736961698832;20;47;1;0;0.00011;0.525739
0;140736961774112;140736961698832;20;26;1;0;9e-05;0.663426
0;140737095683696;140736961698832;20;49;1;0;0.0001;0.55518
0;140736961784432;140736961698832;20;1;1;0;0.0001;0.676918
0;140737095686720;140736961698832;20;50;1;0;9e-05;0.637014
0;140737230147392;140736961698832;20;7;1;0;8e-05;0.687179
0;140737095699376;140736961698832;20;45;1;0;9e-05;0.589407
0;140737230162288;140736961698832;20;9;1;0;8e-05;0.682126
0;140737095708000;140736961698832;20;31;1;0;8e-05;0.681474
0;16467168;140736961698832;20;35;1;0;9e-05;0.616183
0;140736961813616;140736961698832;20;37;1;0;9e-05;0.708786
0;140737230174080;140736961698832;20;32;1;0;0.00011;0.686706
0;140736962000800;16424080;21;21;0;0;0.27144;0.745211
0;16568240;16424080;21;24;0;1;0.46802;0.752167
0;140737095864672;16424080;21;19;0;0;0.26065;0.744613
0;140737100140592;16568240;22;35;1;0;0.01362;0.782977
0;20766224;16568240;22;6;1;0;0.01557;0.774562
0;140737100140736;16568240;22;7;1;0;0.01491;0.777349
0;20766368;16568240;22;47;1;0;0.02997;0.740539
0;140737100141168;16568240;22;37;1;0;0.01359;0.783042
0;20766880;16568240;22;44;1;1;0.03162;0.73826
0;140737100141392;16568240;22;3;1;0;0.01526;0.775713
0;140737100141824;16568240;22;31;1;0;0.01307;0.785623
0;20767536;16568240;22;51;1;0;0.04638;0.7233
0;20768256;16568240;22;41;1;0;0.02052;0.758918
0;140737100142544;16568240;22;1;1;0;0.01577;0.773726
0;20768400;16568240;22;46;1;0;0.02926;0.741575
0;140737100142688;16568240;22;50;1;0;0.04493;0.724471
0;140737100143120;16568240;22;26;1;0;0.01371;0.782499
0;20768976;16568240;22;40;1;0;0.01954;0.761498
0;140737100143552;16568240;22;45;1;0;0.02739;0.74456
0;20769408;16568240;22;4;1;0;0.0148;0.777619
0;140737100143840;16568240;22;9;1;0;0.01588;0.773325
0;20769824;16568240;22;49;1;0;0.04475;0.724648
0;20770528;16568240;22;32;1;0;0.01302;0.785949
0;140737100144128;16568240;22;8;1;0;0.01465;0.77823
0;140736966317440;20766880;23;45;1;0;0.00175;0.698476
0;140737100150448;20766880;23;50;1;0;0.00195;0.678715
0;140736966319680;20766880;23;37;1;0;0.00133;0.751019
0;140737100158240;20766880;23;31;1;0;0.00125;0.769498
0;140736966326864;20766880;23;22;1;1;1.00142;0.74671
0;140737100161888;20766880;23;47;1;0;0.00172;0.700363
0;140736966333664;20766880;23;46;1;0;0.00171;0.700922
0;140737100162896;20766880;23;35;1;0;0.00121;0.774247
0;140736966340288;20766880;23;32;1;0;0.00127;0.765642
0;20789488;20766880;23;41;1;0;0.00157;0.717859
0;140737100169088;20766880;23;40;1;0;0.00159;0.71609
0;140737233930144;20766880;23;1;1;0;0.00126;0.761555
0;140736966351232;20766880;23;9;1;0;0.00127;0.763339
0;140737233939648;20766880;23;51;1;0;0.00188;0.68427
0;140737233941952;20766880;23;4;1;0;0.0012;0.777424
0;140736966366048;20766880;23;7;1;0;0.00126;0.763284
0;140737233944976;20766880;23;16;1;0;0.00114;0.785164
0;20802720;20766880;23;3;1;0;0.00129;0.762595
0;140736966340432;20766880;23;6;1;0;0.00122;0.768536
0;140737100186816;20766880;23;26;1;0;0.0013;0.755896
0;20811664;20766880;23;8;1;0;0.00128;0.760036
0;140737233955328;20766880;23;49;1;0;0.00195;0.679194
0;140737100236272;140736966326864;24;39;0;0;0.14201;0.744308
0;20878480;140736966326864;24;11;0;0;0.06276;0.723972
0;20969424;140736966326864;24;42;0;0;0.28222;0.756035
0;140736966543872;140736966326864;24;48;0;0;0.12037;0.740812
0;21051008;140736966326864;24;19;0;0;0.05187;0.717961
0;140737100398896;140736966326864;24;21;0;0;0.05441;0.719486
0;140737234238768;140736966326864;24;43;0;1;0.28783;0.756345
0;140736966742160;140737234238768;25;3;1;0;0.01444;0.755862
0;140737100997488;140737234238768;25;9;1;0;0.01485;0.754119
0;140737235024688;140737234238768;25;1;1;0;0.01404;0.757729
0;140736967598928;140737234238768;25;4;1;0;0.01375;0.75891
0;140736967943520;140737234238768;25;37;1;0;0.01462;0.755055
0;140737235613136;140737234238768;25;6;1;0;0.01487;0.754064
0;140737235843168;140737234238768;25;46;1;0;0.01202;0.767901
0;22784400;140737234238768;25;7;1;0;0.01271;0.764143
0;23083184;140737234238768;25;47;1;0;0.01202;0.767926
0;140737102124240;140737234238768;25;40;1;1;0.01376;0.758847
0;23216656;140737234238768;25;41;1;0;0.0139;0.758501
0;140736968697776;140737234238768;25;49;1;0;0.01754;0.744079
0;140737102362640;140737234238768;25;51;1;0;0.01729;0.744883
0;140736969131376;140737234238768;25;26;1;0;0.01558;0.751183
0;23875808;140737234238768;25;45;1;0;0.01306;0.762324
0;140737103143552;140737234238768;25;35;1;0;0.01347;0.760362
0;140737237294896;140737234238768;25;8;1;0;0.01419;0.756949
0;140736969511088;140737234238768;25;31;1;0;0.01416;0.757141
0;140736969963904;140737234238768;25;32;1;0;0.01455;0.755311
0;140737237843968;140737234238768;25;50;1;0;0.01719;0.745246
0;24937760;140737102124240;26;41;1;1;0.00087;0.6838
0;140736970236224;140737102124240;26;31;1;0;0.00068;0.750851
0;24952880;140737102124240;26;6;1;0;0.00073;0.736115
0;140736970251632;140737102124240;26;32;1;0;0.00069;0.74774
0;140737238213200;140737102124240;26;46;1;0;0.00065;0.770714
0;140737103887456;140737102124240;26;26;1;0;0.00076;0.733209
0;140736970262288;140737102124240;26;4;1;0;0.0007;0.749842
0;24969584;140737102124240;26;9;1;0;0.00065;0.77221
0;140737238225584;140737102124240;26;47;1;0;0.00064;0.77171
0;140736970279568;140737102124240;26;1;1;0;0.00068;0.755898
0;24989888;140737102124240;26;7;1;0;0.0007;0.742469
0;140736970286768;140737102124240;26;16;1;0;0.0007;0.750017
0;140736970290512;140737102124240;26;50;1;0;0.00067;0.762036
0;25004000;140737102124240;26;45;1;0;0.00067;0.764476
0;140737103927904;140737102124240;26;49;1;0;0.00068;0.754899
0;140737238265008;140737102124240;26;8;1;0;0.00066;0.761397
0;140737103943232;140737102124240;26;35;1;0;0.0007;0.754519
0;140736970298576;140737102124240;26;51;1;0;0.0007;0.742545
0;140737238281120;140737102124240;26;3;1;0;0.00069;0.747756
0;25020176;140737102124240;26;37;1;0;0.00072;0.742963
0;25118544;24937760;27;31;1;0;6e-05;0.564662
0;140736970383872;24937760;27;45;1;0;5e-05;0.668062
0;140737238497728;24937760;27;50;1;1;5e-05;0.587858
0;25258656;24937760;27;8;1;0;6e-05;0.519659
0;25411872;24937760;27;46;1;0;7e-05;0.687275
0;140737104318800;24937760;27;26;1;0;6e-05;0.50623
0;140736970729072;24937760;27;1;1;0;5e-05;0.567283
0;25558240;24937760;27;7;1;0;5e-05;0.487605
0;25605616;24937760;27;51;1;0;6e-05;0.670211
0;25725216;24937760;27;35;1;0;6e-05;0.564373
0;140737238956032;24937760;27;49;1;0;4e-05;0.639068
0;140736970942832;24937760;27;4;1;0;5e-05;0.530076
0;140737104903472;24937760;27;3;1;0;5e-05;0.480251
0;25878288;24937760;27;37;1;0;5e-05;0.505408
0;140737239162368;24937760;27;32;1;0;6e-05;0.5131
0;140736971265328;24937760;27;6;1;0;6e-05;0.488943
0;140737105069248;24937760;27;16;1;0;6e-05;0.541623
0;140737239298256;24937760;27;47;1;0;5e-05;0.677982
0;140736971298112;24937760;27;9;1;0;5e-05;0.531081
0;140736972667584;140737238497728;28;1;1;0;2e-05;0.391084
0;140736973403184;140737238497728;28;4;1;0;2e-05;0.342386
0;140737241479552;140737238497728;28;16;1;0;2e-05;0.319356
0;24892848;140737238497728;28;3;1;1;1e-05;0
0;15997232;24892848;29;11;0;1;1e-05;0
0;15997376;15997232;30;8;1;1;1e-05;0
0;15997520;15997376;31;6;1;1;1.00001;0.788537
0;140737108447792;15997520;32;19;0;0;0.10818;0.775656
0;140737108447936;15997520;32;21;0;0;0.11441;0.776962
0;140737108448112;15997520;32;39;0;1;0.27512;0.792854
0;140737108448304;15997520;32;48;0;0;0.23879;0.790736
0;140737108448448;15997520;32;42;0;0;0.26355;0.792231
0;140737108448672;140737108448112;33;49;1;1;0.01996;0.792343
0;140736974745120;140737108448112;33;46;1;0;0.01164;0.825636
0;29104816;140737108448112;33;26;1;0;0.02252;0.786039
0;29105584;140737108448112;33;37;1;0;0.02023;0.791528
0;140736974745824;140737108448112;33;32;1;0;0.02335;0.784233
0;140736974746624;140737108448112;33;7;1;0;0.02223;0.786802
0;29136368;140737108448112;33;1;1;0;0.02214;0.786965
0;29137520;140737108448112;33;51;1;0;0.01983;0.792716
0;140736974747488;140737108448112;33;35;1;0;0.02335;0.784271
0;29138528;140737108448112;33;47;1;0;0.01195;0.823834
0;140736974748208;140737108448112;33;31;1;0;0.02107;0.789514
0;29139968;140737108448112;33;4;1;0;0.02194;0.787403
0;140736974749216;140737108448112;33;9;1;0;0.02259;0.785948
0;29140112;140737108448112;33;45;1;0;0.01244;0.820996
0;29141072;140737108448672;34;4;1;0;0.00157;0.770143
0;140736974750256;140737108448672;34;46;1;0;0.00108;0.849168
0;29150512;140737108448672;34;35;1;0;0.00153;0.774924
0;140737242602720;140737108448672;34;16;1;0;0.00152;0.77581
0;140737242609664;140737108448672;34;47;1;0;0.0011;0.847379
0;140737242611872;140737108448672;34;45;1;0;0.00107;0.851168
0;140737108465856;140737108448672;34;37;1;0;0.00151;0.778273
0;140737108471616;140737108448672;34;26;1;0;0.0016;0.766723
0;29158656;140737108448672;34;1;1;0;0.00157;0.772357
0;140737242629072;140737108448672;34;7;1;0;0.00152;0.777399
0;140736974769792;140737108448672;34;31;1;0;0.00153;0.77475
0;140737108478528;140737108448672;34;9;1;0;0.00168;0.758673
0;140737242642464;140737108448672;34;32;1;0;0.00148;0.781682
0;29169888;140737108448672;34;51;1;1;0.00132;0.804388
0;140737242742992;29169888;35;46;1;0;0.00011;0.745372
0;29265728;29169888;35;35;1;1;0.00011;0.722474
0;140737108536784;29169888;35;47;1;0;0.00012;0.761162
0;140736974912432;29169888;35;45;1;0;0.0001;0.731211
0;140736974937664;29169888;35;1;1;0;0.00011;0.690041
0;140737242884016;29169888;35;9;1;0;0.00011;0.75591
0;140737108638688;29169888;35;26;1;0;0.00013;0.724582
0;140737242967216;29169888;35;32;1;0;0.0001;0.736913
0;140737108706304;29169888;35;16;1;0;0.0001;0.741513
0;140736975025552;29169888;35;31;1;0;0.0001;0.746091
0;140737243131200;29169888;35;4;1;0;0.00012;0.740172
0;140737108815040;29169888;35;7;1;0;0.0001;0.721652
0;140737243228128;29169888;35;37;1;0;0.00012;0.752578
0;140737109411856;29265728;36;9;1;0;2e-05;0.366284
0;140736976403456;29265728;36;32;1;0;2e-05;0.443526
0;140737244535488;29265728;36;7;1;0;2e-05;0.443526
0;140737109836256;29265728;36;4;1;0;2e-05;0.443526
0;140737111236608;29265728;36;31;1;0;2e-05;0.342386
0;31609808;29265728;36;37;1;0;2e-05;0.342386
0;140737111685264;29265728;36;46;1;0;2e-05;0.391084
0;32038288;29265728;36;47;1;0;2e-05;0.391084
0;140736978297600;29265728;36;16;1;0;2e-05;0.366284
0;33158704;29265728;36;1;1;1;1e-05;0
0;33158848;33158704;37;7;1;1;1.00001;0.844784
0;140737113161888;33158848;38;42;0;0;0.04154;0.796357
0;140737247609792;33158848;38;21;0;0;0.10546;0.824096
0;33158992;33158848;38;19;0;0;0.10529;0.824051
0;33596816;33158848;38;48;0;1;0.74775;0.853277
0;140737247609936;33596816;39;45;1;0;0.06159;0.862323
0;140737247610368;33596816;39;37;1;0;0.10718;0.847528
0;33597488;33596816;39;32;1;0;0.10641;0.847693
0;140737247610512;33596816;39;4;1;1;0.0954;0.850306
0;140737113162608;33596816;39;46;1;0;0.05942;0.863421
0;140737113163344;33596816;39;31;1;0;0.10571;0.847731
0;140736979808496;33596816;39;9;1;0;0.04543;0.872356
0;33598256;33596816;39;47;1;0;0.05981;0.863225
0;140736979809216;33596816;39;26;1;0;0.10687;0.847584
0;33598976;140737247610512;40;31;1;1;1.01241;0.853635
0;140736979809504;140737247610512;40;9;1;0;0.01412;0.858887
0;33603536;140737247610512;40;37;1;0;0.0151;0.854693
0;140737113169200;140737247610512;40;32;1;0;0.01327;0.862819
0;140736979813920;140737247610512;40;16;1;0;0.02872;0.820712
0;140737113173328;140737247610512;40;26;1;0;0.01182;0.870717
0;140737247621472;33598976;41;19;0;1;0.44551;0.856117
0;33632736;33598976;41;21;0;0;0.44538;0.856114
0;140736979830464;33598976;41;42;0;0;0.12153;0.835308
0;140736979838336;140737247621472;42;45;1;0;0.04921;0.867195
0;33682032;140737247621472;42;32;1;0;0.03466;0.880267
0;140737247651808;140737247621472;42;26;1;0;0.05585;0.862995
0;140737247675792;140737247621472;42;37;1;0;0.03331;0.881867
0;33770464;140737247621472;42;46;1;1;0.04927;0.867143
0;140737247693040;140737247621472;42;47;1;0;0.04926;0.867157
0;33814256;140737247621472;42;9;1;0;0.174;0.834491
0;33964272;33770464;43;37;1;0;0.01463;0.874198
0;140737247911584;33770464;43;26;1;1;0.0201;0.855842
0;140736980095344;33770464;43;32;1;0;0.01455;0.874455
0;34358352;140737247911584;44;37;1;0;0.00417;0.878347
0;140736980521584;140737247911584;44;32;1;0;0.00397;0.883337
0;35067888;140737247911584;44;16;1;0;0.00774;0.815275
0;140737248673328;140737247911584;44;9;1;1;1.00424;0.883757
0;140737114296480;140737248673328;45;21;0;1;0.88733;0.887041
0;35520672;140737248673328;45;42;0;0;0.11691;0.858759
0;37309120;140737114296480;46;47;1;1;0.44367;0.887031
0;140736983944096;140737114296480;46;45;1;0;0.44366;0.887031
0;140737251841504;37309120;47;32;1;1;0.1479;0.886991
0;140736983962992;37309120;47;37;1;0;0.14789;0.886991
0;140737251927680;37309120;47;16;1;0;0.14789;0.886991
0;38693520;140737251841504;48;16;1;0;0.07395;0.886932
0;140737252020128;140737251841504;48;37;1;1;0.07395;0.886932
0;140737252259824;140737252020128;49;42;0;1;0.07394;0.886931
0;140736984378880;140737252259824;50;45;1;1;0.07393;0.886931
0;140737252679536;140736984378880;51;16;1;1;0.07392;0.886931
